"last_name, first_name","player_id","year","player_age","ab","pa","hit","single","double","triple","home_run","strikeout","walk","k_percent","bb_percent","batting_avg","slg_percent","on_base_percent","on_base_plus_slg","xba","xslg","woba","xwoba","xobp","xiso","avg_swing_speed","fast_swing_rate","blasts_contact","blasts_swing","squared_up_contact","squared_up_swing","avg_swing_length","swords","exit_velocity_avg","launch_angle_avg","sweet_spot_percent","barrel_batted_rate","hard_hit_percent","avg_best_speed","avg_hyper_speed","z_swing_percent","z_swing_miss_percent","oz_swing_percent","oz_swing_miss_percent","oz_contact_percent","out_zone_swing_miss","out_zone_swing","out_zone_percent","out_zone","pitch_count_offspeed","pitch_count_fastball","pitch_count_breaking","pitch_count","iz_contact_percent","in_zone_swing_miss","in_zone_swing","in_zone_percent","in_zone","edge_percent","edge","whiff_percent","swing_percent"
"Gurriel Jr., Lourdes","666971","2024","30","471","505","130","92","21","1","16","96","25",19,5,".276",".427",".317","0.744",".264",".420",".321",".314",".307",".156",70.5,9.2,12.8,10.5,30.6,25,"7.5","11","88.2","16",33.2,6.6,39.6,"99.406768316","93.836176939",69.3,11.1,33.2,38.4,61.6,"123","320",50.3,"965","242","1064","481","1917",88.6,"73","660",49.7,"952",41.3,"791",20,51.1
"Martinez, J.D.","502110","2024","36","367","420","93","55","22","1","15","122","42",29,10,".253",".441",".337","0.778",".265",".495",".339",".362",".347",".229",72.8,28.1,14.3,10,28.7,20.1,"8.4","25","91.2","14",40.5,15.4,47.4,"101.662503008","95.371678862",68.9,17.7,30.5,60.3,39.7,"167","277",52.1,"909","150","920","533","1745",82.3,"102","577",47.9,"837",40.7,"710",31.5,48.9
"Guerrero Jr., Vladimir","665489","2024","25","512","581","165","100","37","1","27","82","61",14.1,10.5,".322",".557",".398","0.955",".322",".576",".404",".410",".398",".255",75.6,55.4,24.9,19.9,34.8,27.7,"7.7","8","94.1","6.7",34.6,14.1,56.3,"106.03727625","97.936317935",68.1,15.2,27.4,39.7,60.3,"119","300",50.6,"1094","257","1306","439","2171",84.8,"111","729",49.4,"1070",40.8,"883",22.4,47.6
"Cruz, Oneil","665833","2024","25","451","494","123","71","31","3","18","154","38",31.2,7.7,".273",".475",".330","0.805",".268",".484",".342",".343",".327",".215",78.4,75,24.3,16.3,33,22.1,"7.7","6","95.2","10.5",33.7,16.7,54.7,"107.128671141","98.459827517",61.4,24.3,32.5,50.1,49.6,"170","339",52.9,"1043","333","916","621","1973",75.7,"139","571",47.1,"930",42.9,"846",34,46.1
"Mountcastle, Ryan","663624","2024","27","452","485","120","76","29","2","13","106","27",21.9,5.6,".265",".425",".305","0.730",".276",".460",".314",".337",".319",".183",75.1,51.5,15.6,12.2,27.3,21.3,"7.5","13","90.7","11",36.2,8.8,44.7,"102.01136","95.309849286",75.5,15.6,38,40.2,59.8,"145","361",52,"949","199","1031","427","1822",84.4,"103","661",48,"875",42.7,"779",24.3,56.1
"Burger, Jake","669394","2024","28","424","463","105","62","17","1","25","123","28",26.6,6,".248",".469",".305","0.774",".250",".487",".331",".340",".309",".238",74.8,49.5,20.5,14.7,33.2,23.8,"7.5","11","91.8","13",31.3,13.2,47,"103.771269079","96.266511386",68.7,18.9,36.4,48.1,51.9,"155","322",53,"885","246","879","383","1670",81.1,"102","539",47,"785",43.7,"730",29.8,51.6
"Sheets, Gavin","657757","2024","28","383","427","92","59","24","1","8","92","38",21.5,8.9,".240",".371",".314","0.685",".253",".390",".301",".315",".327",".137",72.8,31.4,13.7,10.9,30.1,23.8,"7.6","23","87.9","13.6",41.3,5.8,35.8,"99.070828767","93.638948082",61.9,17.5,30.2,35.1,64.6,"100","285",53.8,"945","327","891","443","1758",82.5,"88","503",46.2,"813",43.8,"770",23.9,44.8
"Winker, Jesse","608385","2024","30","377","445","98","65","21","0","12","95","56",21.3,12.6,".260",".411",".363","0.774",".247",".385",".341",".327",".353",".138",69.5,7.6,12.1,9.9,33.1,27.2,"7.3","16","88.9","12.5",29.3,7.3,38.7,"99.114313944","93.740895159",63.9,15.7,18.6,38.9,61.1,"61","157",46.9,"845","245","1062","426","1803",84.2,"96","612",53.1,"958",44.1,"795",20.4,42.7
"DeJong, Paul","657557","2024","30","397","431","95","55","17","0","23","134","21",31.1,4.9,".239",".456",".290","0.746",".230",".424",".320",".305",".283",".194",71.9,13.9,12.3,8.4,27.8,19.1,"6.9","11","88.1","20.1",37.1,10.5,41.9,"100.133852015","94.268554195",80.3,25.6,33.7,56.2,43.8,"149","265",48.2,"786","181","956","395","1632",74.4,"174","679",51.8,"846",42.2,"689",34.2,57.8
"Langford, Wyatt","694671","2024","22","392","435","96","66","18","4","8","90","38",20.7,8.7,".245",".372",".313","0.685",".256",".419",".299",".322",".324",".163",74.6,49.1,17.9,13.8,31,23.8,"7","4","89.3","17.9",32.1,8.5,43,"100.939575921","94.642016139",64.1,16.4,23.8,37.6,62.4,"82","218",51.7,"915","211","967","470","1770",83.6,"90","548",48.3,"855",41.4,"733",22.5,43.3
"Rodríguez, Julio","677594","2024","23","442","477","112","88","12","0","12","128","29",26.8,6.1,".253",".362",".308","0.670",".269",".445",".296",".333",".323",".176",75.8,59.3,19.4,13.6,28.6,20,"7.9","25","90.8","9.2",32.8,9.6,46.8,"103.333260191","96.084486338",74.5,20.6,37.2,48.6,51.4,"188","387",55.5,"1040","236","981","493","1873",79.4,"128","621",44.5,"833",41.2,"772",31.3,53.8
"Soto, Juan","665742","2024","25","481","596","140","74","25","4","37","93","109",15.6,18.3,".291",".590",".421","1.011",".319",".673",".428",".469",".448",".354",75.4,59.4,24.7,20,40.6,32.8,"7.3","23","94.2","11",36,19.9,56,"105.394083834","97.830227228",60,15.9,17.8,39.5,59.7,"92","233",53.6,"1306","457","1240","589","2438",83.6,"108","678",46.4,"1130",42.7,"1039",21.9,37.4
"Santander, Anthony","623993","2024","29","492","547","115","55","20","2","38","106","44",19.4,8,".234",".514",".303","0.817",".233",".470",".347",".332",".305",".237",73.2,34.7,13.6,11,27.1,22,"7.3","4","89.7","23.7",36.2,12.1,42.1,"100.280557949","94.341362416",67.3,15.4,33.7,26.1,73.9,"106","406",53.3,"1206","331","1378","467","2263",84.6,"110","712",46.7,"1058",42.3,"957",19.3,49.4
"Bohm, Alec","664761","2024","27","506","556","147","88","44","2","13","76","38",13.7,6.8,".291",".462",".344","0.806",".299",".468",".346",".355",".354",".169",72.2,21.4,18.9,15.7,40,33.3,"7.4","6","90.5","10.6",35.8,6.9,45.9,"100.815957972","94.832589263",71.3,10.5,26.7,36.2,63.8,"92","254",49,"950","180","1156","447","1937",89.5,"74","704",51,"987",43.4,"840",17.3,49.5
"Witt Jr., Bobby","677951","2024","24","534","592","185","107","39","11","28","90","44",15.2,7.4,".346",".618",".399","1.017",".331",".613",".425",".420",".388",".282",74.7,49.8,21.2,16.6,36.2,28.4,"7.1","12","93.2","15.6",36.8,14.6,50.1,"104.312973097","96.747747295",71.8,15.6,32.8,35.8,64.2,"132","369",52.5,"1124","230","1153","590","2141",84.4,"114","730",47.5,"1017",41,"877",22.4,51.3
"Lowe, Nathaniel","663993","2024","28","388","449","97","74","12","1","10","99","56",22,12.5,".250",".363",".345","0.708",".245",".357",".317",".314",".342",".112",73.2,28.8,13.9,11.4,28.1,23.1,"7.3","14","88.9","7.7",30.5,4.8,38.4,"99.983193151","94.095687801",62.6,12.4,22.8,39.4,60.6,"86","218",50.7,"955","251","1197","343","1884",87.6,"72","582",49.3,"929",45.5,"858",19.8,42.5
"Schanuel, Nolan","694384","2024","22","434","509","109","81","16","0","12","86","58",16.9,11.4,".251",".371",".347","0.718",".264",".374",".320",".328",".359",".110",65.2,1.9,6.2,5.4,37.3,32.5,"6.6","10","86.2","9.3",36.8,3.9,25.8,"95.430005086","91.727874728",61.6,10.5,21.3,25.8,73.2,"54","209",49.5,"981","260","1196","409","1983",88.7,"65","617",50.5,"1002",42.9,"851",14.4,41.7
"India, Jonathan","663697","2024","27","445","523","110","72","25","1","12","106","63",20.3,12,".247",".389",".349","0.738",".273",".419",".327",".350",".372",".146",71.6,21.9,12.8,10.6,30.7,25.5,"7.2","22","87.3","13.1",38.8,8.1,37.7,"99.13082907","93.677738017",57.6,11.5,19.2,43.1,56.4,"88","204",49,"1061","194","1296","526","2166",88.4,"73","637",51,"1105",43.6,"944",19.1,38.8
"Marte, Ketel","606466","2024","30","436","500","130","78","20","2","30","89","52",17.8,10.4,".298",".560",".370","0.930",".299",".541",".389",".390",".376",".241",73.6,39.2,20.9,16.5,39.8,31.4,"7.6","4","93.7","8.6",33.7,11.5,53.7,"103.709947853","96.750406808",71.7,14.9,26.5,40.2,59.3,"97","241",50.6,"910","408","978","331","1796",84.7,"95","636",49.4,"887",42.6,"766",21.9,48.8
"Turner, Justin","457759","2024","39","374","433","92","67","18","0","7","77","45",17.8,10.4,".246",".350",".342","0.692",".250",".371",".311",".323",".348",".121",65.2,0.6,4.4,3.8,31.1,26.8,"6.3","10","86.6","16.9",38.3,3.7,31.7,"96.392133267","92.247247533",65.8,11.4,25.1,31.1,68.9,"73","235",49.7,"935","137","1270","372","1883",88.6,"71","624",50.3,"948",43.4,"817",16.8,45.6
"Volpe, Anthony","683011","2024","23","547","591","138","93","27","7","11","130","36",22,6.1,".252",".388",".303","0.691",".240",".342",".300",".280",".293",".101",69.1,3,10.6,8.3,33,25.9,"7.1","25","87.9","7.3",33.1,4,37.4,"98.480214175","93.412015182",66.5,16.9,29.7,37.9,61.5,"129","340",48.4,"1145","210","1319","650","2364",81.9,"137","811",51.6,"1219",43.6,"1031",23.1,48.7
"De La Cruz, Elly","682829","2024","22","503","569","133","74","29","8","22","171","57",30.1,10,".264",".485",".346","0.831",".244",".449",".357",".335",".328",".204",75,52.9,19.8,14,32.5,23,"7.2","21","92","10.5",35.5,12.8,46,"103.08416297","96.00606772",62,23.6,25.8,51.8,47.5,"158","305",52.4,"1184","420","1202","504","2258",74.9,"157","666",47.6,"1074",41.2,"930",32.4,43
"Vierling, Matt","663837","2024","27","432","467","111","67","24","5","15","96","28",20.6,6,".257",".440",".304","0.744",".260",".415",".319",".314",".308",".155",71.2,12.4,15.6,12.7,35.6,29.1,"7.4","5","89.7","13.2",32.9,8.5,40.1,"100.284860599","94.338148084",63.3,12.6,22,39.4,60.6,"78","198",47.6,"900","186","1154","408","1903",87.2,"79","627",52.4,"990",41.5,"785",19.1,43.7
"Canha, Mark","592192","2024","35","363","427","87","61","19","0","7","90","47",21.1,11,".240",".350",".342","0.692",".213",".313",".309",".290",".323",".100",68.2,3.3,10.5,8.3,37.3,29.6,"7.2","14","88.4","9.9",32.4,3.6,37.4,"98.12602705","93.205256799",59.4,17.1,23.2,35.7,64.3,"74","207",49.9,"893","156","1022","485","1788",82.7,"91","532",50.1,"895",43.6,"780",22.3,41.3
"Bregman, Alex","608324","2024","30","501","545","131","82","26","2","21","73","37",13.4,6.8,".261",".447",".317","0.764",".261",".424",".330",".323",".318",".163",71.2,11.5,13.2,11.8,38.3,34,"7","7","89.4","18.9",34.2,6.3,41.6,"99.053198279","93.730176558",65.5,8.7,23.2,25.4,74.6,"59","232",48.6,"1000","204","1238","466","2056",91.3,"60","692",51.4,"1056",43.1,"886",12.9,44.9
"France, Ty","664034","2024","29","373","421","86","56","19","0","11","98","32",23.3,7.6,".231",".370",".311","0.681",".231",".404",".302",".314",".313",".174",70.6,12,11.2,8.7,30.6,23.7,"7.6","13","88.6","13.9",32.7,7.9,38.8,"99.52792554","93.90713446",71.7,17,25.5,43.7,56.3,"90","206",49.4,"807","148","986","371","1635",83,"101","594",50.6,"828",42.4,"694",23.9,48.9
"McMahon, Ryan","641857","2024","29","471","539","115","73","25","0","17","152","60",28.2,11.1,".244",".406",".331","0.737",".247",".424",".322",".331",".336",".177",72.5,27,17.1,12.1,31.4,22.2,"7.2","21","92.4","9.6",35.7,11.5,49.7,"103.074313711","96.315481164",65,22.9,26.4,50.7,49,"145","286",47.3,"1084","271","1440","437","2289",77.1,"180","785",52.7,"1207",42.1,"964",30.3,46.8
"Kwan, Steven","680757","2024","26","432","477","130","99","15","3","13","41","40",8.6,8.4,".301",".440",".364","0.804",".287",".393",".352",".329",".352",".106",64.5,0.3,6.4,5.9,42.4,39.5,"6.5","5","86.1","14.7",37.7,2.5,22.9,"94.953562656","91.477993411",58.3,4.4,19.6,18,82,"32","178",48,"910","280","1154","372","1894",95.3,"25","574",52,"985",43.7,"829",7.6,39.7
"Chapman, Matt","656305","2024","31","492","559","121","67","32","1","21","137","60",24.5,10.7,".246",".443",".333","0.776",".255",".461",".335",".347",".343",".206",76.5,65.5,18.1,13.8,27.4,20.9,"7.4","19","93.2","16.2",31.1,12.9,48.6,"104.529199492","96.847024249",64.3,19.5,24.1,35.3,64.7,"97","275",48.5,"1143","198","1376","602","2359",80.5,"152","781",51.5,"1215",43.4,"1023",23.6,44.8
"Hoerner, Nico","663538","2024","27","482","537","123","89","28","1","5","59","40",11,7.4,".255",".349",".326","0.675",".274",".349",".300",".311",".345",".075",68.1,2.7,7.2,6.4,34.6,30.9,"7.1","10","85.5","10.1",35.2,1.4,28.4,"96.157240282","92.091359388",61.5,7,32.7,22.2,77.1,"70","315",49.1,"963","176","1173","441","1962",92.5,"43","615",50.9,"1000",43.1,"847",12.2,47.4
"Ozuna, Marcell","542303","2024","33","499","565","154","91","26","0","37","141","59",25,10.4,".309",".583",".382","0.965",".296",".617",".408",".418",".375",".321",74,43.3,19.7,13.6,33.1,22.8,"7.4","4","92.4","14.6",40.9,17.1,54,"103.513175","96.627359333",73.2,23,26.6,49.9,50.1,"175","351",55.9,"1322","280","1276","591","2368",77,"176","765",44.1,"1045",40.1,"948",31.4,47.2
"Winn, Masyn","691026","2024","22","472","517","135","96","24","4","11","84","36",16.2,7,".286",".424",".335","0.759",".269",".372",".328",".305",".321",".103",70.1,9.9,11.8,9.7,31.3,25.8,"7.3","10","86.5","13.2",34.8,3.3,30.8,"97.624351846","92.825207352",64.5,12.7,30.3,31.2,68.8,"94","301",48.4,"993","188","1216","491","2057",86.2,"87","683",51.6,"1059",43.4,"891",18.4,47.8
"Langeliers, Shea","669127","2024","26","394","436","87","47","16","2","22","119","33",27.3,7.6,".221",".439",".287","0.726",".237",".457",".310",".326",".303",".221",74.2,42.3,18.3,13.3,32.2,23.3,"7.3","6","90.9","16.4",34.1,13.3,42.7,"101.731529786","95.207296631",68.9,18.8,31.4,51.2,48.8,"132","258",52.1,"822","194","838","426","1578",81.2,"98","521",47.9,"756",43.4,"685",29.5,49.4
"Bellinger, Cody","641355","2024","28","415","457","111","75","22","1","13","69","35",15.1,7.7,".267",".419",".326","0.745",".240",".380",".319",".295",".303",".140",69.2,5.2,9.7,7.6,38.7,30.5,"7.6","13","87.4","16.1",33.4,5.4,31.7,"97.206429771","92.690109543",66.9,16.5,32.5,33.8,66.2,"89","263",49.5,"809","246","937","347","1635",83.5,"91","553",50.5,"826",43.1,"704",22.1,49.9
"Carroll, Corbin","682998","2024","23","481","553","108","63","16","12","17","100","56",18.1,10.1,".225",".414",".311","0.725",".247",".390",".315",".321",".333",".143",73.7,37.5,17.9,14.2,35.1,27.9,"7","3","89","11.9",26.2,6.2,39.2,"100.773261094","94.554410859",60.1,12.2,25.4,36.2,62.8,"102","282",52.7,"1110","250","1285","445","2105",87.3,"73","598",47.3,"995",41,"862",19.9,41.8
"Contreras, William","661388","2024","26","506","569","143","89","34","2","18","112","58",19.7,10.2,".283",".464",".359","0.823",".273",".484",".355",".358",".350",".211",74.7,50.7,21.4,16.3,35.5,27,"7.4","18","92.6","6.7",29,10.1,50,"103.864092778","96.646930101",71.2,17.9,25.6,48.8,51.2,"145","297",51.9,"1158","279","1253","530","2231",82.1,"137","764",48.1,"1073",41.9,"934",26.6,47.6
"Rodgers, Brendan","663898","2024","27","425","456","115","80","24","1","10","105","25",23,5.5,".271",".402",".316","0.718",".255",".381",".312",".298",".303",".125",71.7,25.7,14.8,11.5,31.1,24.3,"7.1","23","89.3","5",32,5,44.4,"101.161584563","94.769620688",69.8,14.1,29.5,51.2,48.8,"130","254",49.1,"861","182","917","503","1755",85.7,"88","624",50.9,"894",43,"754",24.8,50
"Castro, Willi","650489","2024","27","478","539","122","77","29","5","11","132","44",24.5,8.2,".255",".406",".338","0.744",".245",".388",".327",".318",".330",".143",70.6,15.8,12.1,8.6,29,20.8,"7.1","17","87.5","13.3",38,7.2,37.2,"98.978117368","93.568480557",72.8,17.7,32,53.7,45.7,"195","363",52.7,"1134","403","1157","511","2150",82,"131","740",47.3,"1016",42.7,"917",29.6,51.3
"Verdugo, Alex","657077","2024","28","488","545","114","75","27","1","11","82","45",15,8.3,".234",".361",".294","0.655",".258",".392",".286",".312",".320",".134",68.4,7.9,11.4,9.5,41,34.1,"6.3","5","88.8","10",32.9,6,36.2,"98.324243932","93.250425728",61,9.2,24.6,35.9,63.7,"85","237",46.6,"965","312","1198","430","2068",90.5,"62","673",53.4,"1104",44.7,"924",16.2,44
"Candelario, Jeimer","600869","2024","30","427","463","96","51","23","2","20","114","27",24.6,5.8,".225",".429",".279","0.708",".223",".374",".303",".284",".278",".151",68.4,4.9,10,7.2,34.3,24.8,"7.8","17","86.9","12.4",33.9,8.2,34.5,"97.855535823","92.968221397",70.1,20.9,34.6,44.5,55.5,"143","321",52,"927","289","891","507","1781",79.1,"125","599",48,"854",43.1,"768",29.1,51.7
"O'Hoppe, Logan","681351","2024","24","406","442","100","68","14","1","17","126","26",28.5,5.9,".246",".411",".304","0.715",".264",".472",".312",".340",".320",".208",70.7,17,14.4,10.2,32.1,22.7,"7.3","31","90.2","13.7",41.1,11.7,46.5,"101.243455319","95.09323637",72.8,21.6,34,51.7,48.3,"155","300",52.8,"883","204","852","445","1673",78.4,"124","575",47.2,"790",41.9,"701",31.9,52.3
"Harper, Bryce","547180","2024","31","448","515","124","67","31","0","26","111","64",21.6,12.4,".277",".520",".367","0.887",".273",".488",".374",".362",".365",".215",74.2,42.6,18.4,13.7,29.2,21.8,"7.3","9","91.2","14.2",35.7,9.7,47.8,"102.697149231","95.715557418",77.2,15.3,32.2,49.9,50.1,"181","363",56.5,"1129","314","1007","565","1997",84.4,"103","672",43.5,"870",39.7,"794",27.4,51.8
"Profar, Jurickson","595777","2024","31","474","556","135","90","24","0","21","82","60",14.7,10.8,".285",".468",".382","0.850",".285",".452",".369",".365",".383",".168",71.7,23.7,12.9,10.9,32.8,27.7,"7.4","9","90.8","12.1",31.9,7.5,43,"100.756820612","94.726448414",68,12.2,22.2,31.2,67.6,"78","250",49.5,"1125","349","1303","533","2272",87.4,"95","780",50.5,"1147",42.8,"973",16.8,45.3
"Lindor, Francisco","596019","2024","30","545","607","147","84","35","1","27","108","48",17.8,7.9,".270",".486",".339","0.825",".284",".533",".355",".379",".354",".249",72.4,23.1,18.4,14.3,37.7,29.3,"7.6","12","90.9","17.1",35.7,13.2,47.5,"101.064906667","95.082551233",70.2,16.6,25.5,41.2,58.4,"120","291",48.1,"1143","360","1361","559","2375",82.8,"144","865",51.9,"1233",45.2,"1073",22.8,48.7
"Turang, Brice","668930","2024","24","453","504","115","86","18","4","7","88","41",17.5,8.1,".254",".358",".317","0.675",".261",".351",".298",".301",".324",".090",66.3,3.4,7,6.1,34.9,30.4,"6.1","12","87.8","7",32.7,2.9,31.6,"97.247526944","92.747360975",63.2,8.3,27.7,26,72.1,"67","258",46.1,"932","303","1176","461","2022",89.3,"57","689",53.9,"1091",42.8,"865",13.1,46.8
"Vaughn, Andrew","683734","2024","26","468","510","113","70","28","0","15","113","32",22.2,6.3,".241",".397",".294","0.691",".249",".461",".300",".328",".303",".212",70.9,12.3,16.3,13,36.5,29,"7.6","11","90.6","17.8",36.4,10,43.3,"101.001869167","94.749310361",66.7,12.3,31.2,43.7,56.3,"135","309",51.1,"989","223","977","547","1937",87.7,"78","632",48.9,"948",43.4,"841",22.6,48.6
"Cronenworth, Jake","630105","2024","30","486","549","119","77","24","3","15","98","45",17.9,8.2,".245",".399",".321","0.720",".269",".444",".316",".343",".344",".175",69.2,5.8,12.4,10.4,32.3,27.1,"7.1","10","89.1","14.4",35.2,8.7,38,"99.92580601","94.121026788",67,10.7,23.9,35.4,63.5,"92","260",48.2,"1088","217","1468","467","2256",89,"84","782",51.8,"1168",44.2,"997",16.9,46.2
"Kim, Ha-Seong","673490","2024","28","403","470","94","64","16","3","11","77","58",16.4,12.3,".233",".370",".330","0.700",".249",".360",".308",".316",".348",".111",69,7.3,13.3,11.2,36.2,30.5,"6.8","7","87.9","15.1",36.6,4.8,35.4,"98.621780994","93.412597329",55.2,13.3,18.6,24.9,74.6,"43","173",47,"932","173","1203","482","1982",86.4,"77","580",53,"1050",44.9,"889",15.9,38
"Alonso, Pete","624413","2024","29","505","573","123","66","29","0","28","134","57",23.4,9.9,".244",".467",".328","0.795",".251",".472",".341",".345",".335",".221",75.1,52,17.9,13.9,29.7,23,"7.3","15","89.6","14.5",31.8,12,44.9,"102.506843209","95.497027668",60.6,13.4,26.3,47.1,52.9,"146","310",51.5,"1180","214","1320","619","2290",86.6,"90","673",48.5,"1111",44,"1008",24,42.9
"Frelick, Sal","686217","2024","24","397","443","105","83","16","4","2","68","38",15.3,8.6,".264",".340",".335","0.675",".249",".308",".302",".285",".321",".059",66.4,2.3,5.3,4.7,35.6,31.3,"6.9","9","83.2","9.5",29.4,0.9,19.4,"94.31954795","91.225250187",55.5,7.9,25,22.9,77.1,"49","214",49.8,"856","220","995","405","1719",91.6,"38","479",50.2,"863",41.5,"713",12.6,40.3
"Paredes, Isaac","670623","2024","25","458","537","104","61","23","1","19","86","62",16,11.5,".227",".406",".335","0.741",".212",".346",".326",".300",".323",".134",68.1,4.3,6.5,5.5,29.1,24.3,"8","12","84.8","23.3",34.4,5.3,25.9,"95.819368457","91.9287132",64.3,11.5,26.7,30.9,69.1,"103","333",52.4,"1249","241","1274","647","2382",88.5,"84","729",47.6,"1133",42.9,"1021",17.6,44.6
"Nimmo, Brandon","607043","2024","31","464","546","106","62","23","3","18","133","69",24.4,12.6,".228",".407",".341","0.748",".245",".422",".330",".342",".355",".177",73,33.4,15.1,11.8,29.8,23.2,"7.3","12","91.7","11.3",35.1,9.6,46.8,"101.455716084","95.25730991",64.9,15.4,23.9,46.2,53.8,"127","275",50.6,"1150","222","1399","559","2274",84.4,"112","729",49.4,"1123",43,"977",23.9,44.2
"Ramírez, José","608070","2024","31","514","566","141","76","31","1","33","69","46",12.2,8.1,".274",".531",".332","0.863",".259",".454",".360",".330",".322",".195",71.5,18.9,15.1,13.2,33.6,29.4,"7.3","15","89.3","19.8",34,8.7,40.7,"99.795709333","94.090051333",68.3,9.3,31.5,27.3,72.4,"103","377",53.2,"1196","489","1085","560","2246",90.7,"67","719",46.8,"1052",43.7,"982",15.5,48.8
"Chisholm Jr., Jazz","665862","2024","26","465","514","120","77","17","4","22","130","44",25.3,8.6,".258",".454",".327","0.781",".242",".435",".334",".320",".312",".193",71.9,23.4,14,9.8,31.2,21.9,"7.5","11","89.5","10.7",29.8,11,39.7,"100.167807256","94.503969847",67.8,22.7,30.3,42.7,56.1,"140","328",52.3,"1082","328","1110","493","2070",75,"152","669",47.7,"987",42,"869",29.3,48.2
"Seager, Corey","608369","2024","30","458","516","127","79","19","0","29","91","53",17.6,10.3,".277",".509",".355","0.864",".294",".573",".364",".395",".371",".279",72.2,20.4,19.2,15.2,33.9,26.8,"6.6","14","92","13.2",38.2,15.4,50.7,"103.23531038","96.132317275",79.5,13.1,27.2,50.2,49.8,"127","253",51.2,"929","357","911","457","1815",86.9,"92","704",48.8,"886",43.6,"792",22.9,52.7
"Meyers, Jake","676694","2024","28","392","434","91","58","18","3","12","100","29",23,6.7,".232",".385",".296","0.681",".254",".422",".298",".323",".318",".168",68.9,8.5,12.3,9.2,33.3,24.8,"7","22","89.1","14.6",35.7,7.7,40.1,"100.111643125","94.172895938",69,15.6,31.1,51,49,"123","241",50.8,"775","193","801","402","1527",82.9,"81","519",49.2,"752",43.6,"666",26.8,49.8
"Westburg, Jordan","676059","2024","25","390","420","105","57","25","5","18","90","21",21.4,5,".269",".497",".317","0.814",".286",".509",".348",".361",".335",".222",71,10.7,16.9,12.3,37.8,27.5,"6.8","16","91.4","13.9",38.4,12.3,47,"101.956599735","95.397041296",72,20.2,31,49.8,49.8,"117","235",49.8,"757","169","769","426","1520",79.8,"111","549",50.2,"763",41.8,"635",29.1,51.6
"Thomas, Lane","657041","2024","28","376","427","87","56","20","3","8","106","40",24.8,9.4,".231",".364",".311","0.675",".248",".368",".298",".311",".329",".120",71.5,16.4,15.1,12,33.5,26.6,"6.7","14","89","17",32.4,6.2,40.7,"100.176763841","94.294845055",63.7,16,22,40.1,59.9,"75","187",50.2,"850","169","970","431","1692",84,"86","536",49.8,"842",43.6,"738",22.3,42.7
"Torres, Gleyber","650402","2024","27","471","537","113","81","20","0","12","113","54",21,10.1,".240",".359",".318","0.677",".231",".367",".300",".303",".312",".137",70.2,9.6,9.4,7.4,31.4,24.7,"7.3","16","88.3","15.9",37.3,6.5,34.7,"98.015426813","93.152375262",70.2,19.8,21.7,36.5,63.5,"89","244",49.5,"1125","288","1210","575","2280",80.1,"159","805",50.5,"1147",43.1,"979",23.6,46.2
"Díaz, Yandy","650490","2024","32","491","537","134","96","26","1","11","82","39",15.3,7.3,".273",".397",".328","0.725",".275",".420",".317",".328",".332",".144",73.1,33.4,22.3,19.6,37.7,33.2,"7.5","1","92.4","4.9",28.6,7.3,49.6,"103.315838058","96.252191509",64.1,10.3,22.7,24.1,75.9,"56","232",48.5,"1022","215","1324","438","2107",89.7,"72","696",51.5,"1085",43.9,"925",13.8,44
"Donovan, Brendan","680977","2024","27","486","540","128","89","27","2","10","65","38",12,7,".263",".389",".330","0.719",".269",".413",".316",".328",".336",".144",69.8,8.6,13.5,11.7,40.4,35.1,"6.9","13","88.3","13.8",35.1,4.9,36.1,"98.241372476","93.237970286",63.1,8,24.3,32,65.6,"78","244",49.6,"1006","260","1222","431","2033",90.9,"52","646",50.4,"1024",43.1,"875",14.6,43.8
"Young, Jacob","696285","2024","24","391","435","101","76","21","1","3","84","24",19.3,5.5,".258",".340",".316","0.656",".267",".334",".292",".295",".325",".067",68.3,1.4,9,7.4,36.8,30,"7","16","85.4","4.1",29.3,1.6,28.1,"96.479456434","92.296336351",59.6,11.7,28.7,36.2,56.9,"79","218",47.3,"760","149","909","414","1607",84.8,"59","505",52.7,"847",43.9,"706",19.1,45
"Happ, Ian","664023","2024","29","460","537","111","55","32","1","23","143","70",26.6,13,".241",".465",".346","0.811",".247",".480",".351",".360",".353",".233",72.3,22.9,14.8,10.8,31.2,22.8,"7","15","91","15",37.9,13.5,45.5,"101.86460673","95.46189261",66.8,21.4,22.4,47.6,52.4,"119","250",49,"1115","473","1262","406","2276",78.3,"166","775",51,"1161",45.2,"1029",27.8,45
"Gelof, Zack","680869","2024","24","390","433","80","50","12","2","16","149","33",34.4,7.6,".205",".369",".271","0.640",".198",".362",".280",".279",".269",".164",71.8,12.3,11.9,7.9,31.1,20.6,"7.3","17","89","14.4",34,9.3,36,"98.593071074","93.425144606",70.8,26.1,27.7,60.8,39.2,"135","222",48.7,"801","201","847","474","1644",73.4,"156","597",51.3,"843",43.9,"722",35.5,49.8
"Cowser, Colton","681297","2024","24","406","456","100","59","20","2","19","135","40",29.6,8.8,".246",".446",".322","0.768",".241",".460",".331",".337",".321",".219",73.8,41.3,17.6,12.9,33.5,24.6,"6.9","15","90.7","12.4",33.2,13.9,47.4,"101.923185985","95.483922555",64.2,20,24.9,56,44,"126","225",49,"904","334","964","445","1845",79,"121","604",51,"941",44.1,"813",29.8,44.9
"Adames, Willy","642715","2024","28","499","568","126","74","28","0","24","144","65",25.4,11.4,".253",".453",".338","0.791",".250",".476",".342",".348",".336",".226",73.6,33.4,13.5,9.9,29.7,21.7,"8.1","6","89","19.4",37.7,11.5,40.5,"99.74755743","94.128774693",70.2,20.7,26.9,51.6,48,"158","306",50.5,"1139","232","1363","498","2254",79.2,"162","783",49.5,"1116",42.5,"958",29.4,48.3
"Merrill, Jackson","701538","2024","21","462","494","134","87","22","6","19","89","23",18,4.7,".290",".487",".322","0.809",".301",".527",".344",".365",".333",".227",71.9,19.4,14.5,11.8,30.4,24.8,"7.5","22","90.1","14.2",40.7,10.8,43.8,"100.495875767","94.582099178",79,13.3,35.6,35.5,64.2,"120","338",51.2,"949","277","1041","426","1852",86.4,"95","713",48.8,"903",42.4,"786",20.5,56.7
"Raleigh, Cal","663728","2024","27","438","502","92","52","13","0","27","149","55",29.7,11,".210",".425",".303","0.728",".229",".488",".313",".345",".322",".258",74.4,44.2,16.1,11.7,28.2,20.5,"7.7","12","91.6","21.2",37.2,16.4,49.8,"102.268652603","95.694951849",73.5,21.5,32.3,47.2,52.8,"161","341",52.1,"1056","488","980","456","2024",78.2,"153","712",47.9,"969",43.6,"882",29.8,52
"Springer III, George","543807","2024","34","466","525","102","64","17","2","19","101","52",19.2,9.9,".219",".386",".302","0.688",".254",".428",".302",".332",".333",".174",71.9,23.4,15.1,11.7,32,24.7,"7.4","20","87.9","9.5",29.7,10.1,38.6,"100.240231429","94.241188324",73.7,18,24.1,47.8,52.2,"109","228",48.4,"948","206","1133","483","1965",82,"134","746",51.6,"1012",43.6,"854",25,49.7
"Walker, Christian","572233","2024","33","401","461","102","59","20","0","23","114","48",24.7,10.4,".254",".476",".338","0.814",".249",".482",".347",".361",".342",".232",75.1,55,16.1,12.4,25.7,19.8,"7.5","26","90.9","17.2",36.2,14.7,46.4,"103.046162177","95.914936826",73.1,17.9,23.8,48.9,51.1,"115","235",51.1,"987","236","1058","485","1932",82.1,"124","691",48.9,"945",41,"793",25.8,47.9
"Arcia, Orlando","606115","2024","29","450","492","101","68","20","0","13","102","32",20.7,6.5,".224",".356",".275","0.631",".210",".329",".274",".262",".265",".119",70.8,13.4,12.1,9.1,35.7,26.8,"7.9","16","88.5","9.1",30.6,4.8,37.4,"98.297746441","93.247734079",69.4,18.5,26.7,47.2,52.4,"119","252",49.2,"945","167","1071","511","1920",81.2,"125","677",50.8,"975",41.4,"794",26.3,48.4
"Taveras, Leody","665750","2024","25","402","442","92","65","15","3","9","88","33",19.9,7.5,".229",".348",".285","0.633",".252",".388",".278",".304",".308",".136",71.3,14.7,15.8,11.6,35,25.8,"7.4","4","89.4","13.4",32.4,5.3,37.7,"99.64325051","93.924737252",69,17.1,29.3,43.8,54.2,"110","251",51.3,"858","368","869","362","1674",82.1,"96","563",48.7,"816",44.3,"741",25.3,48.6
"Diaz, Yainer","673237","2024","25","474","502","141","101","21","3","16","81","19",16.1,3.8,".297",".456",".323","0.779",".303",".479",".333",".346",".330",".176",72.5,24.1,17,13.4,34.5,27.2,"7.4","11","90.2","9.6",34,8.3,47.3,"101.3243983","95.02409055",76.6,12.3,41.8,38.2,61.8,"147","385",53.5,"921","213","870","472","1720",87.7,"75","612",46.5,"799",40.2,"692",22.3,58
"Keith, Colt","690993","2024","22","432","465","113","84","14","3","12","87","30",18.7,6.5,".262",".391",".312","0.703",".276",".414",".307",".322",".325",".138",71.1,12.9,13.8,11,36.3,29.1,"6.7","11","87.7","11",34.1,5.8,36.1,"98.695231272","93.445912659",67.4,11.8,29.2,43.1,56.9,"107","248",51,"848","339","827","420","1675",88.2,"65","550",49,"816",41.6,"693",21.7,47.9
"Kelenic, Jarred","672284","2024","24","384","417","89","56","18","2","13","126","28",30.2,6.7,".232",".391",".284","0.675",".240",".409",".292",".304",".293",".169",72.3,22.7,16,10.7,35.5,23.8,"7.3","18","89.6","15.2",37.4,9.2,43.9,"100.098461756","94.356609234",69.9,23.2,29.8,59.5,40.1,"141","237",49.2,"796","299","852","371","1617",76.7,"133","574",50.8,"821",42.6,"689",33.8,50.2
"Arozarena, Randy","668227","2024","29","449","531","98","55","25","0","18","135","61",25.4,11.5,".218",".394",".333","0.727",".226",".399",".323",".332",".343",".173",72.7,32.6,15.6,11.5,33,24.3,"7.4","14","90.5","14.2",29.7,8.5,42.6,"100.871822468","94.733894082",60.6,24.5,24.3,40.7,59.3,"118","290",52.9,"1194","266","1251","544","2256",75.5,"158","644",47.1,"1062",42.8,"965",29.6,41.4
"Bleday, JJ","668709","2024","26","469","527","113","58","33","4","18","97","55",18.4,10.4,".241",".443",".323","0.766",".251",".419",".331",".328",".333",".168",72,18.3,15.6,11.9,34.2,26.1,"7.3","12","88.6","19",38.1,8,36.7,"99.083057742","93.591625013",67.3,17.2,24,45.1,54.1,"116","257",51.9,"1071","423","1029","523","2063",82.3,"115","668",48.1,"993",45.8,"946",25,44.8
"Freeman, Freddie","518692","2024","34","451","532","128","78","31","2","17","84","65",15.8,12.2,".284",".475",".382","0.857",".284",".479",".366",".373",".385",".195",69.7,9.5,12.8,10.3,33.3,27,"6.8","9","89.5","14",43.2,9.4,41.6,"100.362983422","94.517187373",73.7,17.8,26.5,28.4,71.6,"80","282",51.5,"1066","259","1221","459","2071",82.2,"132","741",48.5,"1005",43.1,"892",20.8,49.4
"Machado, Manny","592518","2024","31","487","529","133","85","26","0","22","100","38",18.9,7.2,".273",".462",".325","0.787",".273",".459",".335",".336",".329",".185",75.1,50.8,20.7,16.4,32.8,26,"7.8","20","92.3","12.4",34.4,10.5,48.7,"103.224216392","96.088485943",72.4,16.3,29.1,41.7,58.3,"115","276",48.7,"950","216","1182","416","1952",83.7,"118","725",51.3,"1002",44,"858",23.3,51.3
"Schwarber, Kyle","656941","2024","31","463","567","112","67","17","0","28","161","92",28.4,16.2,".242",".460",".369","0.829",".248",".481",".358",".368",".375",".233",77.3,75.7,22.8,16.3,32.9,23.5,"7.7","31","93.8","15.5",30.4,13.6,54.7,"104.980331613","97.401104563",58.3,23.9,20.3,54.4,45.6,"137","252",52.5,"1241","352","1217","637","2361",76.1,"156","653",47.5,"1121",41.2,"973",32.4,38.3
"Olson, Matt","621566","2024","30","497","561","115","61","30","1","23","150","52",26.7,9.3,".231",".435",".312","0.747",".241",".439",".321",".331",".323",".199",73.7,39.4,14.1,10.2,25.2,18.3,"7.4","9","91.3","15.3",35.6,12,46.4,"102.791767701","95.869147759",72.3,22.9,29.4,36.4,63.4,"136","374",51.7,"1274","294","1487","537","2463",77.1,"197","860",48.3,"1189",42.9,"1056",27,50.1
"Judge, Aaron","592450","2024","32","468","590","156","73","31","1","51","138","110",23.4,18.6,".333",".731",".467","1.198",".314",".749",".489",".486",".452",".435",77,74.2,26.3,18.8,34.5,24.7,"8.2","7","95.8","18.6",40.7,27.1,59.6,"106.988092289","98.864433535",66.1,22.5,19.2,55.5,44.5,"132","238",51.8,"1242","340","1236","602","2400",77.3,"172","763",48.2,"1155",41.1,"986",30.4,41.8
"Greene, Riley","682985","2024","23","404","463","106","59","23","5","19","122","54",26.3,11.7,".262",".485",".353","0.838",".253",".485",".359",".355",".345",".232",74.6,46,16.9,12.6,31.4,23.4,"7.2","3","90.9","11.5",38.5,13.1,45,"101.75537461","95.28041156",65,18.8,21.9,47.2,52.8,"100","212",50.9,"968","389","1023","403","1913",81.2,"114","607",49.1,"934",41.9,"796",26.5,43.2
"Benintendi, Andrew","643217","2024","29","384","420","82","51","17","0","14","78","33",18.6,7.9,".214",".367",".276","0.643",".248",".399",".281",".307",".308",".152",68,0.9,8.8,7,39.4,31.4,"6.7","11","87.8","15.4",36.4,6.2,34.7,"97.151203333","92.718648131",69.4,17.2,26.3,33.3,65.7,"67","201",47.7,"763","270","933","326","1599",82.1,"100","581",52.3,"837",43.6,"697",21.4,48.9
"Doyle, Brenton","686668","2024","26","464","518","125","78","22","4","21","132","42",25.5,8.1,".269",".470",".331","0.801",".263",".459",".343",".342",".328",".197",71,8.7,15.5,11,34.2,24.4,"7.3","18","89.5","12.9",37.8,11.1,42.8,"101.333886048","94.935566766",73.3,17.8,29.8,56.7,42.6,"165","291",52.1,"975","165","1084","479","1870",81.3,"117","656",47.9,"895",43,"805",29.8,50.6
"Peña, Jeremy","665161","2024","26","501","541","135","98","22","1","14","93","21",17.2,3.9,".269",".401",".312","0.713",".273",".410",".310",".319",".318",".138",72.5,22,15.5,11.7,34.4,25.9,"7.6","8","87.9","7.7",31.3,5.5,38.8,"99.191376195","93.665906088",71.5,10.9,36.7,49.3,49.6,"183","371",52.7,"1012","244","1029","491","1921",87.5,"71","650",47.3,"909",41.5,"797",24.9,53.1
"Sánchez, Jesús","660821","2024","26","398","432","96","58","20","1","17","109","28",25.2,6.5,".241",".425",".297","0.722",".270",".504",".311",".352",".324",".234",75,53.4,20.1,14,34.6,24.1,"7.2","9","93.1","8.1",32.6,13.4,52.4,"104.867241181","97.16491316",73.8,21.9,35,45.6,54.1,"135","296",53.4,"845","274","863","341","1582",77.6,"119","544",46.6,"737",43.3,"685",30.2,53.1
"Ward, Taylor","621493","2024","30","475","536","113","71","23","2","17","139","47",25.9,8.8,".238",".402",".310","0.712",".253",".464",".310",".346",".328",".211",69.5,6.5,15.3,11.9,38.1,29.6,"7","20","91","16.7",43.6,12.5,42.9,"100.014216628","94.502076239",63.9,17.9,21,50.5,49.5,"106","210",48.1,"999","163","1194","535","2076",82.1,"123","688",51.9,"1076",42.7,"886",25.5,43.3
"Steer, Spencer","668715","2024","26","472","541","112","61","30","2","19","110","61",20.3,11.3,".237",".430",".331","0.761",".245",".401",".332",".326",".339",".155",71.6,13.4,13.4,10.6,32.5,25.6,"7.4","19","87.9","16",34.9,6.6,40.4,"99.320133187","93.781644298",64.2,13.2,24.8,46.4,53.3,"127","274",50.7,"1106","184","1329","497","2180",86.8,"91","690",49.3,"1075",43,"937",22.6,44.2
"Castellanos, Nick","592206","2024","32","507","548","126","79","26","3","18","115","32",21,5.8,".249",".418",".301","0.719",".263",".434",".310",".322",".314",".171",71.6,21.5,12.6,9,33.2,23.5,"7.6","10","88.2","15.1",35.8,7.9,37.8,"99.28080731","93.752210992",79.7,18.8,38.3,53.7,46.3,"201","374",50.4,"976","235","871","661","1936",81.2,"144","765",49.6,"960",42.3,"819",30.3,58.8
"Neto, Zach","687263","2024","23","449","496","114","66","28","1","19","114","32",23,6.5,".254",".448",".318","0.766",".242",".436",".331",".323",".309",".194",70.8,14,14.3,10.8,34.5,25.9,"7.1","32","88.3","12.3",29.2,8.8,38.1,"100.142911867","94.26306571",68.4,17.6,31.6,46,53,"139","302",51.6,"955","214","940","525","1850",81.7,"108","612",48.4,"895",42,"777",27,49.4
"Devers, Rafael","646240","2024","27","452","517","131","65","33","5","28","123","58",23.8,11.2,".290",".571",".369","0.940",".283",".551",".389",".380",".364",".268",72.7,30.3,19.9,14.5,33.1,24.1,"7.5","16","93.6","13.2",35.9,14.1,53.6,"104.925618855","97.347294669",73.5,27.1,30.3,35,65,"112","320",52,"1057","229","1266","450","2033",72.9,"194","717",48,"976",42.9,"872",29.5,51
"Henderson, Gunnar","683002","2024","23","522","596","146","83","24","6","33","134","66",22.5,11.1,".280",".538",".366","0.904",".289",".512",".385",".381",".374",".223",76,62.9,22.4,17.6,32.4,25.5,"7.2","15","92.8","8.7",33.8,11.8,54.4,"103.985295026","96.872740643",67.1,18.2,21.9,41.9,58.1,"111","265",50.5,"1209","388","1354","520","2394",81.8,"145","795",49.5,"1185",43.4,"1038",24.2,44.3
"Morel, Christopher","666624","2024","25","454","524","88","57","9","1","21","139","56",26.5,10.7,".194",".357",".294","0.651",".226",".413",".287",".324",".324",".187",76.2,67.2,17.8,11.9,28.8,19.2,"8","22","89.3","14.8",26.6,11,40.8,"101.427111384","94.836244403",68.6,28.5,25.8,48.5,51.5,"133","274",52.3,"1064","209","1089","561","2035",71.5,"190","666",47.7,"971",44.3,"901",34.4,46.2
"Burleson, Alec","676475","2024","25","452","487","126","87","18","0","21","64","24",13.1,4.9,".279",".458",".316","0.774",".281",".458",".332",".335",".320",".176",71.2,17.3,13.7,11.3,37.6,31.1,"7.5","6","89.7","14.5",35.5,7.1,41,"99.398006667","94.028624473",78.6,13.8,33.8,34.4,65.6,"100","291",49.9,"862","223","963","441","1731",86,"94","680",50.1,"865",41.3,"713",20,56.2
"Hernández, Teoscar","606192","2024","31","501","551","132","77","26","1","28","156","43",28.3,7.8,".263",".487",".327","0.814",".252",".489",".349",".344",".317",".237",73,30.4,18.9,12.8,30.1,20.4,"7.7","25","91","9.6",33.2,14.5,47.4,"102.816876647","95.778515",74.9,24.4,28.7,56.8,43.2,"184","324",50.9,"1129","204","1218","601","2217",75.6,"199","816",49.1,"1089",41.6,"923",33.6,51.4
"Chourio, Jackson","694192","2024","20","416","448","113","76","19","2","16","92","26",20.5,5.8,".272",".442",".318","0.760",".283",".432",".327",".329",".329",".149",73,32.7,18.1,13.9,35.2,27.1,"7.4","19","89.6","7.3",32.7,6.7,45.6,"100.82285358","94.841962291",66,15.7,33.4,46.3,53.7,"126","272",50.2,"814","162","930","408","1622",84.1,"84","534",49.8,"809",41.7,"677",26.1,49.7
"Adell, Jo","666176","2024","25","380","424","80","45","15","2","18","119","33",28.1,7.8,".211",".403",".284","0.687",".232",".437",".297",".320",".305",".205",76.6,65,14.9,10.8,24.8,17.9,"7.5","17","89.8","15.4",31.1,11.7,44.7,"102.54623626","95.694140192",72.1,21.5,29.8,49.1,50.9,"133","271",52.2,"910","165","1008","424","1743",78.5,"129","601",47.8,"833",42.3,"738",30,50
"McNeil, Jeff","643446","2024","32","404","446","96","59","25","0","12","61","30",13.7,6.7,".238",".389",".301","0.690",".239",".341",".302",".287",".304",".102",68.8,4.9,8.3,7.1,32.7,28,"7.2","15","87","15",32,2.9,30.8,"96.843134651","92.487627259",78.2,10.9,31.2,32.8,67.2,"79","241",47.8,"773","182","958","395","1617",88,"72","660",52.2,"844",44.4,"718",16.8,55.7
"Turner, Trea","607208","2024","31","387","414","118","84","20","0","14","76","21",18.4,5.1,".305",".465",".348","0.813",".265",".420",".352",".317",".311",".155",71.7,18.7,13.1,10.1,34,26.1,"7.6","9","89.2","10.8",30.1,6.4,41,"99.670897885","94.085515916",74.4,12.5,31.9,51.5,48.5,"135","262",51.5,"821","229","782","487","1594",87.5,"72","575",48.5,"773",41.3,"659",24.7,52.5
"Alvarez, Yordan","670541","2024","27","463","536","144","85","29","2","28","79","60",14.7,11.2,".311",".564",".399","0.963",".304",".598",".404",".412",".394",".294",76.4,61.5,22.4,17.9,34.4,27.6,"7.6","0","93","18.3",34.1,14.2,48.1,"103.975853938","96.55270342",67.7,11.4,30.4,37.8,62.2,"118","312",54.1,"1027","224","1112","468","1896",88.3,"67","589",45.9,"870",43.6,"827",20.5,47.5
"Goldschmidt, Paul","502671","2024","36","497","542","117","77","20","0","20","148","40",27.3,7.4,".235",".396",".295","0.691",".245",".438",".301",".320",".304",".193",72.4,23.5,16.9,12.5,32.5,24.1,"7.8","8","91","13.8",33,9.5,48,"101.533073046","95.428358473",64.5,22.6,29.1,39.4,60.6,"128","325",48.8,"1116","259","1279","544","2289",77.4,"171","755",51.2,"1171",44.3,"1012",27.7,47.2
"Busch, Michael","683737","2024","26","414","472","104","62","24","2","16","143","53",30.3,11.2,".251",".435",".337","0.772",".220",".424",".335",".319",".311",".203",70.1,10.6,13.7,9.6,34.5,24.2,"7.3","16","89.5","16.4",37.6,11.7,39.4,"99.943908971","94.314749191",67.9,21.2,23.6,52,47.5,"127","244",52.2,"1035","311","1107","429","1982",78.5,"136","643",47.8,"947",45.2,"896",29.7,44.8
"Perez, Salvador","521692","2024","34","487","538","137","86","26","0","25","107","38",19.9,7.1,".281",".489",".340","0.829",".281",".554",".350",".372",".341",".273",73.2,33.8,17.3,12.9,33.7,25.1,"7.9","12","91.1","19.6",41.6,13,44.2,"101.83367","95.31950945",77.2,18,42.9,41.2,58.8,"191","464",56.5,"1082","228","901","560","1915",82,"116","643",43.5,"833",40.8,"782",27.7,57.8
"Naylor, Josh","647304","2024","27","465","527","110","62","20","0","28","87","51",16.5,9.7,".237",".460",".319","0.779",".254",".451",".332",".335",".335",".197",72.8,33.1,16.5,13.2,35,27.9,"7.7","7","90.1","11.2",29.9,9.2,42.3,"101.052731684","94.813513842",73.4,15,31.9,37.7,62.3,"124","329",55.3,"1031","406","896","458","1865",84.8,"92","612",44.7,"834",41.5,"774",23,50.5
"Bell, Josh","605137","2024","31","486","543","118","76","22","2","18","105","44",19.3,8.1,".243",".407",".312","0.719",".240",".402",".313",".310",".310",".162",70.4,15.1,15,11.2,35.9,27,"7.9","12","88.5","11.3",31.5,7.6,38.8,"99.825019058","94.00829945",74.3,19.4,28.2,44.9,55.1,"135","301",53.4,"1068","447","1113","352","1999",80.6,"134","692",46.6,"931",43.8,"875",27.1,49.7
"Semien, Marcus","543760","2024","33","533","590","129","84","25","2","18","85","55",14.4,9.3,".242",".398",".314","0.712",".264",".410",".310",".324",".333",".147",68.2,3.2,12.1,9.8,37.8,30.8,"7.7","19","87.5","16.6",34.1,6.2,35,"97.877131525","93.041639103",75.8,11.9,24.8,44,56,"122","277",51.5,"1116","269","1158","557","2167",88.1,"95","797",48.5,"1051",43,"932",20.2,49.6
"Suzuki, Seiya","673548","2024","29","418","471","116","70","21","6","19","127","43",27,9.1,".278",".493",".350","0.843",".251",".459",".360",".339",".329",".208",73,36.1,18,14,34.2,26.4,"7.2","14","91.7","16.8",37.6,11.9,48.5,"102.455052027","95.721400712",59.8,17.5,21,44.1,55.9,"93","211",50.4,"1006","263","1140","470","1998",82.5,"104","593",49.6,"992",42.4,"848",24.5,40.2
"Stott, Bryson","681082","2024","26","414","470","100","74","15","2","9","75","45",16,9.6,".242",".353",".315","0.668",".257",".377",".294",".312",".331",".120",68.1,1.6,8.8,7.6,36.5,31.4,"7.1","18","87.1","15",36.3,4,30.8,"97.243401628","92.677975581",59.3,12.6,26.9,26.4,72.8,"66","250",49,"930","295","1111","388","1897",86.9,"72","573",51,"967",43.3,"822",16.8,43.4
"Arenado, Nolan","571448","2024","33","480","525","130","97","19","0","14","72","35",13.7,6.7,".271",".398",".323","0.721",".252",".359",".315",".294",".307",".107",70.8,14.1,9.3,7.9,31.8,26.9,"8.3","22","85.9","17.3",35.1,3.4,30,"96.713466699","92.366817063",64,10,30,33.2,66.8,"102","307",50.5,"1023","240","1141","473","2025",90,"64","641",49.5,"1002",42.7,"865",17.5,46.8
"Soler, Jorge","624585","2024","32","402","469","95","52","25","1","17","116","59",24.7,12.6,".236",".430",".338","0.768",".245",".447",".336",".346",".346",".202",75.3,55.2,14,10.1,28.3,20.5,"8","7","90.1","18.4",33.9,11.4,41.5,"101.281826207","94.878190623",65.1,17.5,27.6,53.2,46.8,"151","284",53.9,"1030","233","990","537","1919",82.5,"100","573",46.1,"880",40.3,"769",29.3,44.9
"Ohtani, Shohei","660271","2024","29","515","595","152","75","29","6","42","131","69",22,11.6,".295",".619",".380","0.999",".314",".653",".416",".439",".400",".339",76.1,63,24.7,17.5,37.4,26.4,"7.7","7","95.3","15.7",37.1,19.6,58.2,"106.343378402","98.44812478",69.5,23.6,27,44.4,55.6,"144","324",51.7,"1200","358","1266","550","2322",76.4,"184","780",48.3,"1122",41.9,"974",29.7,47.5
"McCutchen, Andrew","457705","2024","37","378","437","89","58","14","1","16","114","51",26.1,11.7,".235",".405",".336","0.741",".237",".443",".327",".340",".338",".205",72.8,27.1,15.7,11.6,30.5,22.5,"7.6","6","88.7","13.9",33.2,12.1,37.7,"99.744797368","94.015092642",65.6,23,16.7,54.3,45.7,"82","151",48.8,"902","172","1050","483","1848",77,"143","621",51.2,"946",44.3,"819",29.1,41.8
"Riley, Austin","663586","2024","27","425","469","109","62","26","2","19","118","37",25.2,7.9,".256",".461",".322","0.783",".272",".517",".338",".366",".338",".245",75.2,53.6,20.2,15.1,32.7,24.4,"7.5","24","93.3","15.9",37.2,14.9,53.4,"103.77151961","96.882758664",72.1,18.7,28,50.2,49.8,"128","255",49.9,"910","150","1114","439","1822",81.3,"123","658",50.1,"913",42.9,"782",27.5,50.1
"Tovar, Ezequiel","678662","2024","22","541","574","148","86","39","2","21","168","18",29.3,3.1,".274",".470",".298","0.768",".237",".400",".326",".287",".265",".163",71.2,18.7,11.6,7.9,30.6,20.7,"7.6","14","88.9","18.8",38.8,8.3,40.4,"99.372840106","94.01787632",81.7,22.8,44.2,53.9,45.3,"257","477",51.6,"1079","208","1164","535","2093",76.7,"189","828",48.4,"1014",40.9,"856",34.2,62.4
"Altuve, Jose","514888","2024","34","529","572","158","117","23","0","18","102","38",17.8,6.6,".299",".444",".351","0.795",".266",".411",".346",".319",".321",".146",69.2,11.9,8.7,6.8,34.1,26.8,"7.8","8","86.3","14",36.3,6.8,30.4,"97.200886794","92.62252717",68.8,12.4,38.1,36.8,62.3,"157","427",55.1,"1120","289","1038","570","2032",86.9,"78","627",44.9,"912",41.6,"845",22.3,51.9
"Garcia, Maikel","672580","2024","24","504","547","121","86","23","5","7","85","35",15.5,6.4,".240",".347",".287","0.634",".272",".392",".278",".312",".319",".120",70.7,11.1,16.7,14.5,42.9,37.3,"7.2","10","90.8","7.5",35.1,4.2,43.8,"100.350193476","94.5901335",63.3,10.5,21.1,30.4,69.1,"62","204",47.5,"969","139","1256","496","2038",88.9,"71","677",52.5,"1069",40.8,"832",15.1,43.2
"García, Luis","671277","2024","24","424","448","123","85","22","1","15","71","23",15.8,5.1,".290",".453",".326","0.779",".289",".471",".334",".341",".325",".182",71.5,22.2,15.8,12.6,35.1,27.9,"7.3","7","88.7","8.8",32.5,7.9,40.4,"100.110008908","94.193491264",68.1,12.6,36,35.4,63.6,"107","302",52.2,"838","282","814","425","1604",86.6,"66","522",47.8,"766",43.5,"697",21,51.4
"Arraez, Luis","650333","2024","27","536","565","166","135","25","2","4","26","18",4.6,3.2,".310",".386",".341","0.727",".316",".411",".319",".331",".348",".095",63,0.1,5.4,5,46.4,43.6,"5.9","7","86.2","13.4",41.7,1.8,23.4,"94.801086627","91.424276569",62.7,5.1,34.6,11.2,88.2,"38","339",48,"981","233","1305","398","2045",94.3,"34","667",52,"1064",43.4,"887",7.2,49.2
"Hoskins, Rhys","656555","2024","31","368","421","79","47","11","0","21","115","40",27.3,9.5,".215",".416",".298","0.714",".203",".396",".309",".300",".290",".193",71.1,13.5,11.3,8.7,29.9,23.1,"8.1","17","88","21.3",28.2,12.4,40.3,"99.291670233","93.74309938",59.2,20.9,25.7,38,62,"84","221",47.5,"861","124","1038","493","1814",79.1,"118","564",52.5,"952",43.2,"783",25.7,43.3
"Reynolds, Bryan","668804","2024","29","517","571","146","98","24","3","21","130","46",22.8,8.1,".282",".462",".347","0.809",".278",".477",".350",".355",".344",".200",71.6,17.9,17.8,13,36.4,26.5,"6.9","25","90.1","9.7",37,9.8,47,"101.361765258","95.048360284",73.7,18.5,29.9,53,47,"183","345",53.3,"1155","460","1091","503","2167",81.5,"138","746",46.7,"1012",43.3,"939",29.4,50.3
"Rafaela, Ceddanne","678882","2024","23","466","492","120","83","20","4","13","123","15",25,3,".258",".401",".288","0.689",".239",".380",".297",".281",".271",".141",70.2,6.5,11.4,8,31.7,22.2,"7.4","19","86.8","14.7",34.8,6.6,37.1,"98.157736512","93.143224738",78.7,23.5,44.4,45.5,53.8,"180","396",50.8,"892","179","956","476","1757",75.6,"160","681",49.2,"865",41,"720",31.6,61.3
"Abrams, CJ","682928","2024","23","486","542","119","69","26","6","18","114","37",21,6.8,".245",".434",".316","0.750",".253",".414",".323",".323",".324",".161",72.2,24,13,10,31.9,24.6,"7.5","28","88.2","15.2",33.5,6.9,39.9,"99.446857754","93.881019465",70.7,18.2,35.8,38.2,61.8,"137","359",49.1,"1003","350","1011","550","2042",81.5,"134","735",50.9,"1039",43.8,"895",24.8,53.6
"Rutschman, Adley","668939","2024","26","474","530","124","88","17","1","18","84","47",15.8,8.9,".262",".416",".326","0.742",".270",".427",".321",".332",".337",".157",69.3,5.8,11.9,10,35.9,30.2,"7","7","88.5","18.8",37.8,7.1,38.3,"98.491986281","93.400141108",61.3,12.3,28.6,29.2,70.8,"87","298",49.3,"1043","415","1129","453","2115",87.7,"81","657",50.7,"1072",44.3,"938",17.6,45.2
"Pasquantino, Vinnie","686469","2024","26","492","550","130","79","30","2","19","70","40",12.7,7.3,".264",".449",".317","0.766",".268",".446",".327",".333",".325",".178",71.7,19.6,16.4,14.2,37.2,32.3,"7.4","9","91","14.4",32.1,7.1,46.8,"101.030621881","95.010982322",66.2,7.6,30.7,27.8,72.2,"94","338",52,"1102","393","1169","466","2117",91.8,"51","673",48,"1016",42.8,"906",14.3,47.8
"Rooker Jr., Brent","667670","2024","29","428","484","122","67","22","2","31","143","49",29.5,10.1,".285",".563",".362","0.925",".277",".598",".390",".398",".355",".321",74,39.7,18.3,12.7,32.6,22.6,"7.1","17","92.2","18.6",40.6,17.7,51,"103.780360417","96.595385261",72.1,21.9,30.1,57.9,42.1,"179","309",54.1,"1025","271","1010","469","1893",78.1,"137","626",45.9,"868",40.9,"775",33.8,49.4
"Duran, Jarren","680776","2024","27","550","607","162","87","42","13","20","134","49",22.1,8.1,".295",".527",".355","0.882",".277",".468",".375",".348",".339",".191",73.2,33.5,18.2,14.1,30.3,23.4,"7.5","16","91","9.2",33.6,10,45.5,"102.27567087","95.562583913",66.8,15.4,27.3,47,52.7,"154","328",50,"1202","283","1451","560","2405",84.3,"124","804",50,"1204",42.9,"1032",24.6,47.1
"De La Cruz, Bryan","650559","2024","27","510","544","124","82","23","0","19","147","27",27,5,".243",".400",".284","0.684",".253",".447",".295",".317",".294",".194",71.7,19.9,13,9.5,31.7,23.2,"7.7","17","89.6","14",35.8,10.1,42.3,"99.98983377","94.310970137",75.6,22.5,32.6,46.6,53.4,"163","350",51.2,"1074","228","1103","553","2097",77.5,"174","773",48.8,"1023",41.1,"861",30,53.6
"Suárez, Eugenio","553993","2024","32","461","519","109","62","25","2","20","143","41",27.6,7.9,".236",".430",".306","0.736",".235",".413",".317",".314",".308",".178",72.1,20.3,13.2,9.5,30.1,21.7,"7.8","28","88.4","19.6",39.9,9.8,40.2,"99.882300245","94.052382462",66.8,18.9,26.6,56.9,43.1,"152","267",49,"1003","188","1204","486","2049",81.1,"132","699",51,"1046",41.7,"855",29.4,47.1
"Giménez, Andrés","665926","2024","25","476","523","119","95","18","1","5","77","24",14.7,4.6,".250",".324",".302","0.626",".263",".353",".277",".299",".317",".091",68,5.4,7.4,5.7,31.2,23.8,"7","8","86.2","9.4",32.1,2.9,27.7,"96.396136517","92.212868803",75.6,15.4,37.4,36.9,61.2,"135","366",48.9,"979","275","1129","460","2000",83.2,"119","772",51,"1021",44.2,"884",22.3,56.9
"Varsho, Daulton","662139","2024","27","421","471","92","50","19","7","16","122","44",25.9,9.3,".219",".411",".298","0.709",".189",".318",".307",".263",".271",".129",73.4,32.6,11.3,8.4,24.8,18.5,"7.6","6","86.4","24.8",29.2,5.6,33.9,"98.572649795","93.298602945",70.1,19.8,25.3,42.9,56.7,"103","240",50.7,"947","305","1099","387","1877",79.4,"128","646",49.3,"922",45.7,"854",26.2,47.3
"Smith, Josh","669701","2024","26","420","481","111","75","23","1","12","96","40",20,8.3,".264",".410",".351","0.761",".237",".347",".335",".303",".328",".110",70.1,6.3,10.8,8.6,35.3,28,"6.8","9","87.3","15.4",33.5,3.4,35.1,"97.781342037","92.977946533",66.5,14.6,25.1,38.8,60.3,"90","232",48.7,"923","340","1069","408","1894",84.5,"94","646",51.3,"971",43.9,"831",21,46.4
"García, Adolis","666969","2024","31","477","525","107","65","21","0","21","139","37",26.5,7,".224",".400",".286","0.686",".227",".423",".296",".309",".291",".195",72.2,24.9,16.7,11.4,34.7,23.7,"7.9","12","91.5","15.6",32.9,12.2,47.5,"101.987099357","95.520714094",75.4,23.3,33.6,52.2,47.8,"198","379",55.2,"1127","279","1201","399","2040",76.6,"160","688",44.8,"913",40.8,"833",33.6,52.3
"Swanson, Dansby","621020","2024","30","427","477","97","64","19","2","12","120","45",25.2,9.4,".227",".365",".302","0.667",".249",".429",".293",".328",".324",".180",71.7,13,15,10.9,32.9,23.9,"7.4","19","89.5","9.6",34.2,9,42.3,"100.218061871","94.426732097",71.9,22.5,23.3,50.9,49.1,"108","212",47.5,"910","214","1005","526","1915",77.5,"163","723",52.5,"1005",44.1,"845",29,48.8
"Smith, Will","669257","2024","29","400","459","97","58","22","1","16","92","44",20,9.6,".242",".422",".325","0.747",".237",".438",".320",".328",".324",".201",67.8,2.9,10.5,8.6,32.3,26.3,"7.2","21","89.5","19.2",37.1,10.8,42.2,"99.423835987","94.039032834",67.3,14.9,26,35.5,64.5,"88","248",50.4,"955","170","1172","420","1893",85.1,"94","632",49.6,"939",43.8,"830",20.7,46.5
"Santana, Carlos","467793","2024","38","427","487","102","60","24","0","18","84","52",17.2,10.7,".239",".422",".329","0.751",".244",".415",".327",".326",".333",".171",71.5,17.6,12,9.5,36,28.3,"7.6","7","88.9","15.6",31.6,7,38.3,"99.198158728","93.829321188",64,16.8,22.9,40.2,59.8,"96","239",51.8,"1042","416","989","515","2010",83.2,"104","620",48.2,"969",42.8,"861",23.3,42.7